ID,Geography,Households,0-25k,25k-50k,50k-75k,75k-100k,100k-125k,125k-150k,> 150k
36047000100,"Census Tract 1, Kings County, New York",2184,464,217,190,402,145,153,613
36047000200,"Census Tract 2, Kings County, New York",377,99,115,78,26,47,0,12
36047000301,"Census Tract 3.01, Kings County, New York",1865,81,382,16,200,232,142,812
36047000501,"Census Tract 5.01, Kings County, New York",1772,333,74,167,99,169,208,722
36047000502,"Census Tract 5.02, Kings County, New York",1560,206,180,116,167,155,113,623
36047000700,"Census Tract 7, Kings County, New York",1781,124,158,135,129,141,149,945
36047000900,"Census Tract 9, Kings County, New York",1953,71,190,153,234,200,75,1030
36047001100,"Census Tract 11, Kings County, New York",655,63,10,44,95,101,57,285
36047001300,"Census Tract 13, Kings County, New York",914,56,156,100,81,117,97,307
36047001500,"Census Tract 15, Kings County, New York",3185,664,390,272,243,360,255,1001
36047001800,"Census Tract 18, Kings County, New York",0,0,0,0,0,0,0,0
36047002000,"Census Tract 20, Kings County, New York",381,45,109,68,51,65,21,22
36047002100,"Census Tract 21, Kings County, New York",1993,42,77,167,136,120,164,1287
36047002200,"Census Tract 22, Kings County, New York",1638,605,396,341,92,48,48,108
36047002300,"Census Tract 23, Kings County, New York",1601,1003,297,91,94,116,0,0
36047002901,"Census Tract 29.01, Kings County, New York",1320,691,427,53,68,25,0,56
36047003000,"Census Tract 30, Kings County, New York",685,143,139,70,99,67,56,111
36047003100,"Census Tract 31, Kings County, New York",1012,77,194,177,137,140,47,240
36047003300,"Census Tract 33, Kings County, New York",1773,189,217,208,195,93,154,717
36047003400,"Census Tract 34, Kings County, New York",1313,228,250,159,135,153,155,233
36047003500,"Census Tract 35, Kings County, New York",856,169,130,110,84,101,58,204
36047003600,"Census Tract 36, Kings County, New York",1814,336,354,283,145,235,173,288
36047003700,"Census Tract 37, Kings County, New York",572,45,59,46,48,47,59,268
36047003800,"Census Tract 38, Kings County, New York",620,103,104,71,78,73,37,154
36047003900,"Census Tract 39, Kings County, New York",1184,217,126,100,121,126,93,401
36047004100,"Census Tract 41, Kings County, New York",1420,78,125,170,141,199,110,597
36047004300,"Census Tract 43, Kings County, New York",1575,205,194,136,136,138,94,672
36047004400,"Census Tract 44, Kings County, New York",944,75,131,189,58,86,34,371
36047004500,"Census Tract 45, Kings County, New York",1685,131,102,162,168,165,133,824
36047004600,"Census Tract 46, Kings County, New York",522,52,85,35,80,39,23,208
36047004700,"Census Tract 47, Kings County, New York",797,70,71,115,117,65,68,291
36047004900,"Census Tract 49, Kings County, New York",986,94,45,120,50,180,74,423
36047005000,"Census Tract 50, Kings County, New York",979,66,118,133,118,128,89,327
36047005100,"Census Tract 51, Kings County, New York",1101,76,124,79,276,100,59,387
36047005201,"Census Tract 52.01, Kings County, New York",1041,483,98,105,63,24,85,183
36047005202,"Census Tract 52.02, Kings County, New York",1412,237,219,261,189,203,103,200
36047005300,"Census Tract 53, Kings County, New York",954,209,100,104,111,130,40,260
36047005400,"Census Tract 54, Kings County, New York",1558,369,247,262,124,98,100,358
36047005601,"Census Tract 56.01, Kings County, New York",1376,230,252,193,263,135,75,228
36047005602,"Census Tract 56.02, Kings County, New York",846,166,138,151,110,113,39,129
36047005800,"Census Tract 58, Kings County, New York",1410,396,323,159,147,169,80,136
36047005900,"Census Tract 59, Kings County, New York",606,107,93,128,67,73,50,88
36047006000,"Census Tract 60, Kings County, New York",958,185,89,151,122,78,113,220
36047006200,"Census Tract 62, Kings County, New York",1149,140,311,175,160,106,56,201
36047006300,"Census Tract 63, Kings County, New York",881,58,118,106,69,136,86,308
36047006400,"Census Tract 64, Kings County, New York",1361,291,216,220,222,66,130,216
36047006500,"Census Tract 65, Kings County, New York",2423,213,162,181,244,226,79,1318
36047006600,"Census Tract 66, Kings County, New York",1478,203,325,405,100,133,103,209
36047006700,"Census Tract 67, Kings County, New York",1557,92,119,229,79,99,111,828
36047006800,"Census Tract 68, Kings County, New York",1775,471,435,363,139,165,82,120
36047006900,"Census Tract 69, Kings County, New York",1686,148,68,213,202,152,195,708
36047007000,"Census Tract 70, Kings County, New York",1045,264,255,105,163,30,96,132
36047007100,"Census Tract 71, Kings County, New York",1755,635,390,200,177,71,64,218
36047007200,"Census Tract 72, Kings County, New York",596,229,177,100,38,30,22,0
36047007400,"Census Tract 74, Kings County, New York",1418,513,355,139,121,72,67,151
36047007500,"Census Tract 75, Kings County, New York",1970,190,144,208,186,145,86,1011
36047007600,"Census Tract 76, Kings County, New York",1379,464,361,164,175,63,16,136
36047007700,"Census Tract 77, Kings County, New York",2066,288,186,189,118,103,391,791
36047007800,"Census Tract 78, Kings County, New York",1482,426,346,255,119,108,73,155
36047008000,"Census Tract 80, Kings County, New York",1208,303,185,263,113,167,33,144
36047008200,"Census Tract 82, Kings County, New York",1408,502,306,165,114,120,56,145
36047008400,"Census Tract 84, Kings County, New York",1137,232,340,176,172,85,32,100
36047008500,"Census Tract 85, Kings County, New York",3114,2056,668,254,82,19,0,35
36047008600,"Census Tract 86, Kings County, New York",0,0,0,0,0,0,0,0
36047008800,"Census Tract 88, Kings County, New York",1184,133,216,318,308,85,66,58
36047009000,"Census Tract 90, Kings County, New York",906,178,398,104,90,43,17,76
36047009200,"Census Tract 92, Kings County, New York",1679,631,408,290,185,58,38,69
36047009400,"Census Tract 94, Kings County, New York",1474,391,472,221,189,57,47,97
36047009600,"Census Tract 96, Kings County, New York",1914,561,474,320,214,185,19,141
36047009800,"Census Tract 98, Kings County, New York",1692,585,389,391,155,70,58,44
36047010000,"Census Tract 100, Kings County, New York",1708,578,361,278,270,75,51,95
36047010100,"Census Tract 101, Kings County, New York",1457,284,292,242,264,162,38,175
36047010200,"Census Tract 102, Kings County, New York",1304,267,364,293,186,83,66,45
36047010400,"Census Tract 104, Kings County, New York",1586,405,498,241,140,115,97,90
36047010600,"Census Tract 106, Kings County, New York",1315,411,332,233,200,82,18,39
36047010800,"Census Tract 108, Kings County, New York",1353,467,425,210,112,63,21,55
36047011000,"Census Tract 110, Kings County, New York",627,173,111,134,77,36,29,67
36047011200,"Census Tract 112, Kings County, New York",1983,792,622,195,137,121,28,88
36047011400,"Census Tract 114, Kings County, New York",1126,271,408,147,125,108,0,67
36047011600,"Census Tract 116, Kings County, New York",1076,325,326,158,132,33,83,19
36047011700,"Census Tract 117, Kings County, New York",1231,147,142,171,249,157,55,310
36047011800,"Census Tract 118, Kings County, New York",577,211,169,67,45,36,6,43
36047011900,"Census Tract 119, Kings County, New York",653,81,68,110,114,56,48,176
36047012000,"Census Tract 120, Kings County, New York",323,116,67,56,32,12,3,37
36047012100,"Census Tract 121, Kings County, New York",784,100,101,77,109,104,79,214
36047012200,"Census Tract 122, Kings County, New York",1610,504,485,276,217,52,38,38
36047012600,"Census Tract 126, Kings County, New York",895,236,227,128,116,63,24,101
36047012700,"Census Tract 127, Kings County, New York",1621,522,257,231,91,119,55,346
36047012801,"Census Tract 128.01, Kings County, New York",732,241,178,138,72,29,36,38
36047012901,"Census Tract 129.01, Kings County, New York",1033,110,105,122,138,98,114,346
36047012902,"Census Tract 129.02, Kings County, New York",832,62,127,52,132,122,56,281
36047013000,"Census Tract 130, Kings County, New York",1763,356,374,270,267,109,120,267
36047013100,"Census Tract 131, Kings County, New York",1849,154,241,208,163,125,186,772
36047013200,"Census Tract 132, Kings County, New York",656,183,132,163,41,36,23,78
36047013300,"Census Tract 133, Kings County, New York",1841,195,63,118,170,168,140,987
36047013400,"Census Tract 134, Kings County, New York",1494,300,168,286,172,159,151,258
36047013500,"Census Tract 135, Kings County, New York",1507,140,124,129,158,152,100,704
36047013600,"Census Tract 136, Kings County, New York",1413,222,269,256,108,105,160,293
36047013700,"Census Tract 137, Kings County, New York",1459,292,97,133,132,252,83,470
36047013800,"Census Tract 138, Kings County, New York",1260,305,255,207,140,79,99,175
36047013900,"Census Tract 139, Kings County, New York",1389,154,127,131,139,165,173,500
36047014000,"Census Tract 140, Kings County, New York",767,123,144,125,81,110,48,136
36047014100,"Census Tract 141, Kings County, New York",1381,242,125,205,109,176,66,458
36047014200,"Census Tract 142, Kings County, New York",1301,277,320,236,131,102,46,189
36047014300,"Census Tract 143, Kings County, New York",1413,179,136,233,118,223,130,394
36047014500,"Census Tract 145, Kings County, New York",1717,253,326,309,232,297,79,221
36047014700,"Census Tract 147, Kings County, New York",869,146,84,153,98,127,65,196
36047014800,"Census Tract 148, Kings County, New York",478,106,102,51,69,13,26,111
36047014900,"Census Tract 149, Kings County, New York",2315,130,269,228,338,210,265,875
36047015000,"Census Tract 150, Kings County, New York",605,108,95,98,74,50,69,111
36047015100,"Census Tract 151, Kings County, New York",1674,140,178,158,147,235,116,700
36047015200,"Census Tract 152, Kings County, New York",868,136,179,95,98,142,54,164
36047015300,"Census Tract 153, Kings County, New York",1162,53,71,130,169,119,64,556
36047015400,"Census Tract 154, Kings County, New York",0,0,0,0,0,0,0,0
36047015500,"Census Tract 155, Kings County, New York",1505,131,78,207,114,107,148,720
36047015700,"Census Tract 157, Kings County, New York",1953,66,260,160,331,180,132,824
36047015900,"Census Tract 159, Kings County, New York",2500,259,228,198,331,173,267,1044
36047016000,"Census Tract 160, Kings County, New York",1620,302,335,316,197,171,101,198
36047016100,"Census Tract 161, Kings County, New York",1398,127,180,196,132,160,107,496
36047016200,"Census Tract 162, Kings County, New York",1041,153,207,158,131,85,159,148
36047016300,"Census Tract 163, Kings County, New York",1365,186,109,170,218,92,142,448
36047016400,"Census Tract 164, Kings County, New York",247,0,57,63,10,74,10,33
36047016500,"Census Tract 165, Kings County, New York",2454,199,188,256,160,272,74,1305
36047016600,"Census Tract 166, Kings County, New York",651,62,117,88,53,81,40,210
36047016700,"Census Tract 167, Kings County, New York",2132,79,172,99,287,250,197,1048
36047016800,"Census Tract 168, Kings County, New York",693,143,120,77,95,66,55,137
36047016900,"Census Tract 169, Kings County, New York",2177,488,167,316,253,316,196,441
36047017000,"Census Tract 170, Kings County, New York",1157,260,176,194,167,151,79,130
36047017100,"Census Tract 171, Kings County, New York",1586,117,193,196,161,192,175,552
36047017200,"Census Tract 172, Kings County, New York",1073,82,321,224,80,109,85,172
36047017400,"Census Tract 174, Kings County, New York",699,108,88,76,76,94,85,172
36047017500,"Census Tract 175, Kings County, New York",0,0,0,0,0,0,0,0
36047017600,"Census Tract 176, Kings County, New York",873,184,202,168,120,105,32,62
36047017700,"Census Tract 177, Kings County, New York",0,0,0,0,0,0,0,0
36047017800,"Census Tract 178, Kings County, New York",883,193,184,184,135,100,50,37
36047017900,"Census Tract 179, Kings County, New York",1581,496,280,174,174,139,94,224
36047018000,"Census Tract 180, Kings County, New York",992,194,237,71,153,119,81,137
36047018100,"Census Tract 181, Kings County, New York",1912,169,224,287,456,241,70,465
36047018200,"Census Tract 182, Kings County, New York",1148,331,190,210,179,117,15,106
36047018300,"Census Tract 183, Kings County, New York",1268,77,164,191,154,209,124,349
36047018400,"Census Tract 184, Kings County, New York",893,121,143,148,117,94,99,171
36047018501,"Census Tract 185.01, Kings County, New York",1772,922,395,214,117,0,64,60
36047018600,"Census Tract 186, Kings County, New York",690,113,172,114,54,69,65,103
36047018700,"Census Tract 187, Kings County, New York",634,169,92,69,36,75,34,159
36047018800,"Census Tract 188, Kings County, New York",945,145,196,193,113,110,77,111
36047019000,"Census Tract 190, Kings County, New York",1483,408,444,240,144,102,20,125
36047019100,"Census Tract 191, Kings County, New York",1045,191,129,113,175,73,59,305
36047019200,"Census Tract 192, Kings County, New York",865,191,333,82,104,36,53,66
36047019300,"Census Tract 193, Kings County, New York",2221,500,450,463,285,220,138,165
36047019400,"Census Tract 194, Kings County, New York",1148,376,216,188,157,93,17,101
36047019500,"Census Tract 195, Kings County, New York",1839,251,323,325,271,265,126,278
36047019600,"Census Tract 196, Kings County, New York",1462,481,410,238,156,102,22,53
36047019700,"Census Tract 197, Kings County, New York",1717,354,156,273,175,100,105,554
36047019800,"Census Tract 198, Kings County, New York",628,135,114,137,68,36,14,124
36047019900,"Census Tract 199, Kings County, New York",1578,216,190,233,227,183,125,404
36047020000,"Census Tract 200, Kings County, New York",764,179,144,136,106,62,35,102
36047020100,"Census Tract 201, Kings County, New York",1660,166,168,207,341,199,136,443
36047020200,"Census Tract 202, Kings County, New York",671,112,64,114,50,141,81,109
36047020300,"Census Tract 203, Kings County, New York",666,88,77,68,61,113,57,202
36047020400,"Census Tract 204, Kings County, New York",667,97,114,111,79,80,56,130
36047020500,"Census Tract 205, Kings County, New York",1359,163,199,210,189,147,189,262
36047020600,"Census Tract 206, Kings County, New York",828,108,131,154,117,115,72,131
36047020700,"Census Tract 207, Kings County, New York",2179,255,338,130,241,241,274,700
36047020800,"Census Tract 208, Kings County, New York",977,235,213,266,101,49,42,71
36047021000,"Census Tract 210, Kings County, New York",1391,485,307,223,78,129,49,120
36047021100,"Census Tract 211, Kings County, New York",735,158,147,194,81,46,12,97
36047021200,"Census Tract 212, Kings County, New York",1427,441,351,307,71,78,98,81
36047021300,"Census Tract 213, Kings County, New York",1949,625,440,282,171,164,108,159
36047021400,"Census Tract 214, Kings County, New York",534,150,97,120,40,66,19,42
36047021500,"Census Tract 215, Kings County, New York",2452,552,446,296,206,153,136,663
36047021600,"Census Tract 216, Kings County, New York",942,141,400,49,81,140,25,106
36047021700,"Census Tract 217, Kings County, New York",1675,442,264,316,148,211,86,208
36047021800,"Census Tract 218, Kings County, New York",935,402,167,148,41,61,35,81
36047021900,"Census Tract 219, Kings County, New York",1526,370,262,269,202,93,120,210
36047022000,"Census Tract 220, Kings County, New York",1295,533,372,163,158,35,11,23
36047022100,"Census Tract 221, Kings County, New York",1641,346,466,241,151,61,78,298
36047022200,"Census Tract 222, Kings County, New York",1122,440,323,188,86,14,7,64
36047022400,"Census Tract 224, Kings County, New York",1265,351,409,150,92,100,86,77
36047022600,"Census Tract 226, Kings County, New York",579,155,146,114,97,25,38,4
36047022700,"Census Tract 227, Kings County, New York",1493,223,336,159,287,191,60,237
36047022800,"Census Tract 228, Kings County, New York",860,294,272,98,66,26,17,87
36047022900,"Census Tract 229, Kings County, New York",1809,396,281,311,206,184,129,302
36047023000,"Census Tract 230, Kings County, New York",949,317,233,136,63,86,20,94
36047023100,"Census Tract 231, Kings County, New York",1501,278,253,240,190,117,105,318
36047023200,"Census Tract 232, Kings County, New York",1267,500,351,121,115,127,23,30
36047023300,"Census Tract 233, Kings County, New York",2058,700,483,284,144,109,55,283
36047023400,"Census Tract 234, Kings County, New York",1231,549,249,177,119,45,7,85
36047023500,"Census Tract 235, Kings County, New York",1349,368,281,186,156,112,102,144
36047023600,"Census Tract 236, Kings County, New York",1538,783,338,237,71,54,19,36
36047023800,"Census Tract 238, Kings County, New York",1244,566,297,69,97,87,34,94
36047024000,"Census Tract 240, Kings County, New York",1292,520,371,137,86,27,31,120
36047024100,"Census Tract 241, Kings County, New York",983,283,93,216,67,96,91,137
36047024200,"Census Tract 242, Kings County, New York",760,184,143,131,89,45,14,154
36047024300,"Census Tract 243, Kings County, New York",1611,482,258,219,160,152,76,264
36047024400,"Census Tract 244, Kings County, New York",968,288,173,134,141,48,25,159
36047024500,"Census Tract 245, Kings County, New York",1714,255,378,321,323,111,110,216
36047024600,"Census Tract 246, Kings County, New York",919,272,213,127,77,55,62,113
36047024700,"Census Tract 247, Kings County, New York",978,336,171,181,137,57,14,82
36047024800,"Census Tract 248, Kings County, New York",865,240,186,140,104,62,76,57
36047024900,"Census Tract 249, Kings County, New York",1848,328,368,377,251,163,59,302
36047025000,"Census Tract 250, Kings County, New York",503,116,110,121,45,13,54,44
36047025100,"Census Tract 251, Kings County, New York",1425,609,306,187,148,47,50,78
36047025200,"Census Tract 252, Kings County, New York",1917,505,494,257,314,170,79,98
36047025300,"Census Tract 253, Kings County, New York",1209,360,225,185,91,38,113,197
36047025400,"Census Tract 254, Kings County, New York",1209,417,225,137,155,55,73,147
36047025500,"Census Tract 255, Kings County, New York",1853,1094,548,176,12,8,6,9
36047025600,"Census Tract 256, Kings County, New York",929,234,236,202,76,74,24,83
36047025700,"Census Tract 257, Kings County, New York",647,219,36,129,124,46,37,56
36047025800,"Census Tract 258, Kings County, New York",1534,534,298,301,132,70,60,139
36047025901,"Census Tract 259.01, Kings County, New York",714,209,115,139,37,50,64,100
36047025902,"Census Tract 259.02, Kings County, New York",1175,815,268,66,0,0,0,26
36047026000,"Census Tract 260, Kings County, New York",1114,283,296,178,161,44,44,108
36047026100,"Census Tract 261, Kings County, New York",2103,740,453,275,254,113,116,152
36047026200,"Census Tract 262, Kings County, New York",796,173,234,121,55,70,33,110
36047026300,"Census Tract 263, Kings County, New York",829,355,154,112,53,64,30,61
36047026400,"Census Tract 264, Kings County, New York",1601,299,598,186,200,112,77,129
36047026500,"Census Tract 265, Kings County, New York",1461,456,155,224,112,127,99,288
36047026600,"Census Tract 266, Kings County, New York",1060,260,342,101,153,91,20,93
36047026700,"Census Tract 267, Kings County, New York",1772,517,357,223,148,161,99,267
36047026800,"Census Tract 268, Kings County, New York",1289,366,285,216,177,69,90,86
36047026900,"Census Tract 269, Kings County, New York",1225,383,143,184,122,111,75,207
36047027000,"Census Tract 270, Kings County, New York",896,237,115,181,96,109,46,112
36047027100,"Census Tract 271, Kings County, New York",1130,331,315,142,37,77,95,133
36047027200,"Census Tract 272, Kings County, New York",1149,251,308,160,162,76,48,144
36047027300,"Census Tract 273, Kings County, New York",1276,406,278,182,170,100,61,79
36047027400,"Census Tract 274, Kings County, New York",998,232,267,109,118,70,19,183
36047027500,"Census Tract 275, Kings County, New York",1666,339,197,313,157,179,69,412
36047027600,"Census Tract 276, Kings County, New York",1196,279,258,177,236,2,65,179
36047027700,"Census Tract 277, Kings County, New York",1685,574,486,219,120,93,93,100
36047027800,"Census Tract 278, Kings County, New York",1178,263,214,243,126,57,120,155
36047027900,"Census Tract 279, Kings County, New York",1490,375,163,318,199,209,120,106
36047028000,"Census Tract 280, Kings County, New York",620,144,110,113,69,70,22,92
36047028100,"Census Tract 281, Kings County, New York",1784,786,425,202,205,56,32,78
36047028200,"Census Tract 282, Kings County, New York",1243,299,224,234,164,105,47,170
36047028300,"Census Tract 283, Kings County, New York",1380,526,344,208,143,62,71,26
36047028400,"Census Tract 284, Kings County, New York",1296,331,333,221,151,71,102,87
36047028501,"Census Tract 285.01, Kings County, New York",116,0,24,4,54,6,0,28
36047028502,"Census Tract 285.02, Kings County, New York",1184,794,158,145,60,0,0,27
36047028600,"Census Tract 286, Kings County, New York",2021,801,324,423,224,55,65,129
36047028700,"Census Tract 287, Kings County, New York",1180,490,283,112,93,93,27,82
36047028800,"Census Tract 288, Kings County, New York",1177,324,323,33,178,79,49,191
36047028900,"Census Tract 289, Kings County, New York",1337,410,258,216,212,90,67,84
36047029000,"Census Tract 290, Kings County, New York",1580,288,511,288,138,104,103,148
36047029100,"Census Tract 291, Kings County, New York",1111,340,276,91,152,40,73,139
36047029200,"Census Tract 292, Kings County, New York",950,263,262,103,89,91,38,104
36047029300,"Census Tract 293, Kings County, New York",1349,442,324,131,160,87,75,130
36047029400,"Census Tract 294, Kings County, New York",620,166,138,115,46,106,3,46
36047029500,"Census Tract 295, Kings County, New York",1622,392,330,175,166,140,129,290
36047029600,"Census Tract 296, Kings County, New York",2013,451,542,273,266,165,0,316
36047029700,"Census Tract 297, Kings County, New York",1632,390,305,254,146,172,61,304
36047029800,"Census Tract 298, Kings County, New York",1326,238,289,290,87,133,112,177
36047029900,"Census Tract 299, Kings County, New York",915,377,252,67,96,76,21,26
36047030000,"Census Tract 300, Kings County, New York",1312,365,288,172,149,96,80,162
36047030100,"Census Tract 301, Kings County, New York",1035,341,201,146,116,30,92,109
36047030200,"Census Tract 302, Kings County, New York",1553,275,451,192,228,139,113,155
36047030300,"Census Tract 303, Kings County, New York",1768,770,408,211,208,38,31,102
36047030400,"Census Tract 304, Kings County, New York",1572,477,402,263,136,124,71,99
36047030500,"Census Tract 305, Kings County, New York",2813,588,411,492,459,237,297,329
36047030600,"Census Tract 306, Kings County, New York",626,182,168,34,87,41,57,57
36047030700,"Census Tract 307, Kings County, New York",2199,1358,413,201,42,127,12,46
36047030800,"Census Tract 308, Kings County, New York",746,161,222,120,90,48,33,72
36047030900,"Census Tract 309, Kings County, New York",752,277,233,92,51,0,54,45
36047031100,"Census Tract 311, Kings County, New York",1157,378,196,188,184,27,71,113
36047031300,"Census Tract 313, Kings County, New York",2280,772,504,398,269,136,93,108
36047031400,"Census Tract 314, Kings County, New York",2032,461,469,316,184,173,179,250
36047031500,"Census Tract 315, Kings County, New York",2347,714,314,507,221,246,72,273
36047031701,"Census Tract 317.01, Kings County, New York",1345,355,253,213,154,164,93,113
36047031702,"Census Tract 317.02, Kings County, New York",1430,220,295,352,175,108,109,171
36047031900,"Census Tract 319, Kings County, New York",1373,327,429,334,96,97,30,60
36047032100,"Census Tract 321, Kings County, New York",2108,578,428,307,389,167,58,181
36047032300,"Census Tract 323, Kings County, New York",1446,313,205,279,245,143,124,137
36047032500,"Census Tract 325, Kings County, New York",2570,597,681,554,305,239,81,113
36047032600,"Census Tract 326, Kings County, New York",2323,1214,500,254,131,220,0,4
36047032700,"Census Tract 327, Kings County, New York",1276,324,351,96,200,109,68,128
36047032800,"Census Tract 328, Kings County, New York",911,240,178,189,154,81,34,35
36047032900,"Census Tract 329, Kings County, New York",2322,703,545,395,231,164,123,161
36047033000,"Census Tract 330, Kings County, New York",1795,856,393,288,59,22,49,128
36047033100,"Census Tract 331, Kings County, New York",1510,451,405,292,98,114,45,105
36047033300,"Census Tract 333, Kings County, New York",1310,368,288,369,119,96,48,22
36047033500,"Census Tract 335, Kings County, New York",813,199,228,135,74,66,11,100
36047033600,"Census Tract 336, Kings County, New York",1452,312,156,239,148,174,117,306
36047033700,"Census Tract 337, Kings County, New York",1311,257,283,244,114,117,34,262
36047033900,"Census Tract 339, Kings County, New York",1933,763,331,389,131,121,99,99
36047034000,"Census Tract 340, Kings County, New York",652,372,161,70,23,26,0,0
36047034100,"Census Tract 341, Kings County, New York",1071,280,242,188,121,108,70,62
36047034200,"Census Tract 342, Kings County, New York",2827,1762,705,255,41,12,21,31
36047034300,"Census Tract 343, Kings County, New York",2023,974,440,251,114,115,74,55
36047034500,"Census Tract 345, Kings County, New York",1112,348,304,97,131,0,172,60
36047034700,"Census Tract 347, Kings County, New York",1586,679,305,256,105,105,93,43
36047034800,"Census Tract 348, Kings County, New York",783,213,156,128,134,107,19,26
36047034900,"Census Tract 349, Kings County, New York",2184,758,685,347,206,83,62,43
36047035000,"Census Tract 350, Kings County, New York",1505,614,359,320,120,42,11,39
36047035100,"Census Tract 351, Kings County, New York",1652,714,327,268,155,118,7,63
36047035200,"Census Tract 352, Kings County, New York",493,412,36,24,21,0,0,0
36047035300,"Census Tract 353, Kings County, New York",2018,590,472,342,262,136,77,139
36047035400,"Census Tract 354, Kings County, New York",2702,832,596,300,505,131,80,258
36047035500,"Census Tract 355, Kings County, New York",2031,652,445,468,251,89,66,60
36047035601,"Census Tract 356.01, Kings County, New York",1460,589,255,298,96,68,56,98
36047035602,"Census Tract 356.02, Kings County, New York",2734,1134,580,332,241,187,119,141
36047035700,"Census Tract 357, Kings County, New York",972,467,288,101,49,19,0,48
36047035900,"Census Tract 359, Kings County, New York",2184,951,829,90,193,37,84,0
36047036001,"Census Tract 360.01, Kings County, New York",1661,861,263,238,57,63,32,147
36047036002,"Census Tract 360.02, Kings County, New York",2119,1269,263,206,214,67,48,52
36047036100,"Census Tract 361, Kings County, New York",1126,467,351,197,65,28,16,2
36047036200,"Census Tract 362, Kings County, New York",1234,512,242,218,105,7,28,122
36047036300,"Census Tract 363, Kings County, New York",1695,741,484,152,63,168,56,31
36047036400,"Census Tract 364, Kings County, New York",883,357,73,177,83,79,15,99
36047036501,"Census Tract 365.01, Kings County, New York",1230,446,404,188,103,47,28,14
36047036502,"Census Tract 365.02, Kings County, New York",445,137,132,92,48,19,0,17
36047036600,"Census Tract 366, Kings County, New York",1463,427,450,212,66,118,35,155
36047036700,"Census Tract 367, Kings County, New York",503,164,82,141,30,42,0,44
36047036900,"Census Tract 369, Kings County, New York",1991,744,507,434,122,74,30,80
36047037000,"Census Tract 370, Kings County, New York",1587,238,415,247,178,85,154,270
36047037100,"Census Tract 371, Kings County, New York",1586,484,288,360,186,78,104,86
36047037300,"Census Tract 373, Kings County, New York",1625,691,440,167,96,118,28,85
36047037401,"Census Tract 374.01, Kings County, New York",1860,511,446,291,178,88,99,247
36047037402,"Census Tract 374.02, Kings County, New York",2071,903,401,244,161,141,92,129
36047037500,"Census Tract 375, Kings County, New York",1142,347,322,181,111,91,73,17
36047037700,"Census Tract 377, Kings County, New York",1603,532,316,129,189,148,23,266
36047037900,"Census Tract 379, Kings County, New York",1477,548,266,229,182,87,80,85
36047038100,"Census Tract 381, Kings County, New York",2062,840,424,261,192,118,85,142
36047038200,"Census Tract 382, Kings County, New York",2134,1321,339,247,109,11,41,66
36047038300,"Census Tract 383, Kings County, New York",1654,411,261,328,144,168,93,249
36047038500,"Census Tract 385, Kings County, New York",1273,358,207,179,198,154,68,109
36047038600,"Census Tract 386, Kings County, New York",1118,212,325,125,200,128,38,90
36047038700,"Census Tract 387, Kings County, New York",1447,312,433,193,103,93,174,139
36047038800,"Census Tract 388, Kings County, New York",1442,289,286,169,296,140,83,179
36047038900,"Census Tract 389, Kings County, New York",1109,298,216,189,64,146,41,155
36047039000,"Census Tract 390, Kings County, New York",746,189,124,112,79,74,65,103
36047039100,"Census Tract 391, Kings County, New York",1137,407,196,172,177,86,36,63
36047039200,"Census Tract 392, Kings County, New York",999,353,191,180,86,109,32,48
36047039300,"Census Tract 393, Kings County, New York",1341,432,148,263,147,96,72,183
36047039400,"Census Tract 394, Kings County, New York",703,165,179,137,92,26,34,70
36047039500,"Census Tract 395, Kings County, New York",1262,406,257,146,146,122,72,113
36047039600,"Census Tract 396, Kings County, New York",700,170,252,43,68,69,19,79
36047039700,"Census Tract 397, Kings County, New York",1291,451,386,134,51,78,49,142
36047039800,"Census Tract 398, Kings County, New York",858,200,212,95,145,46,58,102
36047039900,"Census Tract 399, Kings County, New York",1417,494,289,236,173,129,47,49
36047040000,"Census Tract 400, Kings County, New York",1085,294,214,245,110,72,21,129
36047040100,"Census Tract 401, Kings County, New York",1164,291,335,264,63,84,64,63
36047040200,"Census Tract 402, Kings County, New York",948,275,181,111,162,65,76,78
36047040300,"Census Tract 403, Kings County, New York",1315,449,285,168,126,81,64,142
36047040400,"Census Tract 404, Kings County, New York",831,218,178,171,65,71,16,112
36047040500,"Census Tract 405, Kings County, New York",600,184,84,156,124,15,0,37
36047040600,"Census Tract 406, Kings County, New York",1157,386,297,165,98,70,42,99
36047040700,"Census Tract 407, Kings County, New York",0,0,0,0,0,0,0,0
36047040800,"Census Tract 408, Kings County, New York",1031,240,182,119,268,85,40,97
36047040900,"Census Tract 409, Kings County, New York",1291,433,246,288,89,135,42,58
36047041000,"Census Tract 410, Kings County, New York",717,230,112,155,57,44,30,89
36047041100,"Census Tract 411, Kings County, New York",1109,480,178,115,141,66,36,93
36047041200,"Census Tract 412, Kings County, New York",997,319,177,142,59,95,15,190
36047041300,"Census Tract 413, Kings County, New York",1350,473,336,158,127,125,63,68
36047041401,"Census Tract 414.01, Kings County, New York",519,116,118,120,25,43,29,68
36047041402,"Census Tract 414.02, Kings County, New York",680,161,201,82,34,56,4,142
36047041500,"Census Tract 415, Kings County, New York",1285,307,265,270,138,131,100,74
36047041600,"Census Tract 416, Kings County, New York",693,274,88,159,50,73,5,44
36047041700,"Census Tract 417, Kings County, New York",1288,537,365,245,78,28,10,25
36047041800,"Census Tract 418, Kings County, New York",801,321,161,139,53,64,8,55
36047041900,"Census Tract 419, Kings County, New York",1239,459,277,274,85,71,38,35
36047042000,"Census Tract 420, Kings County, New York",516,133,111,51,73,89,0,59
36047042100,"Census Tract 421, Kings County, New York",1372,538,217,150,229,140,50,48
36047042200,"Census Tract 422, Kings County, New York",1041,194,270,145,134,98,54,146
36047042300,"Census Tract 423, Kings County, New York",1350,342,252,203,250,120,63,120
36047042400,"Census Tract 424, Kings County, New York",1297,325,327,174,54,148,86,183
36047042500,"Census Tract 425, Kings County, New York",1078,164,300,167,118,96,122,111
36047042600,"Census Tract 426, Kings County, New York",1471,508,241,232,155,159,64,112
36047042700,"Census Tract 427, Kings County, New York",1794,531,338,212,311,112,85,205
36047042800,"Census Tract 428, Kings County, New York",1484,382,343,234,113,157,102,153
36047042900,"Census Tract 429, Kings County, New York",1731,440,437,284,184,135,46,205
36047043000,"Census Tract 430, Kings County, New York",1272,430,372,202,155,60,16,37
36047043100,"Census Tract 431, Kings County, New York",1694,432,302,316,254,150,102,138
36047043200,"Census Tract 432, Kings County, New York",1541,430,341,341,109,131,52,137
36047043300,"Census Tract 433, Kings County, New York",1414,622,292,249,100,69,50,32
36047043400,"Census Tract 434, Kings County, New York",1216,281,282,256,168,43,14,172
36047043500,"Census Tract 435, Kings County, New York",1479,358,379,208,156,105,131,142
36047043600,"Census Tract 436, Kings County, New York",1563,466,353,290,174,104,76,100
36047043700,"Census Tract 437, Kings County, New York",1778,468,457,366,71,105,141,170
36047043800,"Census Tract 438, Kings County, New York",928,340,171,178,55,62,11,111
36047043900,"Census Tract 439, Kings County, New York",1292,423,212,167,190,36,86,178
36047044000,"Census Tract 440, Kings County, New York",935,277,208,133,89,39,50,139
36047044100,"Census Tract 441, Kings County, New York",1870,525,379,289,329,108,81,159
36047044200,"Census Tract 442, Kings County, New York",898,197,141,140,50,83,54,233
36047044300,"Census Tract 443, Kings County, New York",1913,655,290,317,105,374,65,107
36047044400,"Census Tract 444, Kings County, New York",1228,321,349,164,135,107,20,132
36047044500,"Census Tract 445, Kings County, New York",1659,349,358,377,156,191,101,127
36047044600,"Census Tract 446, Kings County, New York",657,172,129,80,76,85,36,79
36047044700,"Census Tract 447, Kings County, New York",788,161,233,145,27,58,54,110
36047044800,"Census Tract 448, Kings County, New York",681,206,109,80,69,69,36,112
36047044900,"Census Tract 449, Kings County, New York",1126,532,204,135,108,87,36,24
36047045000,"Census Tract 450, Kings County, New York",154,47,36,20,4,4,9,34
36047045200,"Census Tract 452, Kings County, New York",865,159,104,167,130,97,48,160
36047045300,"Census Tract 453, Kings County, New York",664,220,94,65,83,52,51,99
36047045400,"Census Tract 454, Kings County, New York",582,167,103,94,49,9,9,151
36047045600,"Census Tract 456, Kings County, New York",805,321,206,110,14,59,5,90
36047045800,"Census Tract 458, Kings County, New York",531,77,106,95,50,47,0,156
36047046000,"Census Tract 460, Kings County, New York",1230,423,181,155,171,102,55,143
36047046201,"Census Tract 462.01, Kings County, New York",1050,533,83,124,131,91,17,71
36047046202,"Census Tract 462.02, Kings County, New York",584,97,176,73,50,76,18,94
36047046400,"Census Tract 464, Kings County, New York",663,160,157,121,58,52,46,69
36047046800,"Census Tract 468, Kings County, New York",511,124,161,52,22,76,43,33
36047047000,"Census Tract 470, Kings County, New York",681,181,178,144,33,29,22,94
36047047200,"Census Tract 472, Kings County, New York",667,192,118,103,66,44,53,91
36047047400,"Census Tract 474, Kings County, New York",720,171,179,124,53,45,74,74
36047047600,"Census Tract 476, Kings County, New York",939,323,265,106,68,80,8,89
36047047700,"Census Tract 477, Kings County, New York",1718,199,159,194,289,177,206,494
36047047800,"Census Tract 478, Kings County, New York",1105,287,345,114,129,70,85,75
36047048000,"Census Tract 480, Kings County, New York",1085,403,313,82,62,79,48,98
36047048100,"Census Tract 481, Kings County, New York",1308,286,159,172,193,141,123,234
36047048200,"Census Tract 482, Kings County, New York",1823,508,568,363,161,54,68,101
36047048400,"Census Tract 484, Kings County, New York",1639,442,373,347,186,118,21,152
36047048500,"Census Tract 485, Kings County, New York",933,113,159,110,101,129,97,224
36047048600,"Census Tract 486, Kings County, New York",912,240,237,153,107,65,26,84
36047048800,"Census Tract 488, Kings County, New York",1386,313,414,204,128,139,36,152
36047048900,"Census Tract 489, Kings County, New York",1543,1001,302,144,38,20,31,7
36047049000,"Census Tract 490, Kings County, New York",2102,534,453,319,236,217,187,156
36047049100,"Census Tract 491, Kings County, New York",2723,998,732,367,269,142,102,113
36047049200,"Census Tract 492, Kings County, New York",1112,318,288,210,92,73,35,96
36047049300,"Census Tract 493, Kings County, New York",3317,1475,654,504,278,58,122,226
36047049400,"Census Tract 494, Kings County, New York",2030,639,364,218,255,193,132,229
36047049500,"Census Tract 495, Kings County, New York",1233,264,192,149,102,159,34,333
36047049600,"Census Tract 496, Kings County, New York",1434,232,226,274,242,191,118,151
36047049700,"Census Tract 497, Kings County, New York",1448,227,205,233,202,122,96,363
36047049800,"Census Tract 498, Kings County, New York",1613,263,329,184,361,183,100,193
36047049900,"Census Tract 499, Kings County, New York",878,113,102,210,127,69,35,222
36047050000,"Census Tract 500, Kings County, New York",1461,138,177,246,273,103,148,376
36047050100,"Census Tract 501, Kings County, New York",1420,230,131,221,146,232,79,381
36047050202,"Census Tract 502.02, Kings County, New York",1075,136,127,155,148,82,108,319
36047050300,"Census Tract 503, Kings County, New York",1250,230,168,131,221,141,210,149
36047050400,"Census Tract 504, Kings County, New York",1954,367,301,213,282,371,102,318
36047050500,"Census Tract 505, Kings County, New York",1929,787,406,213,201,131,55,136
36047050600,"Census Tract 506, Kings County, New York",1974,571,382,369,245,184,54,169
36047050700,"Census Tract 507, Kings County, New York",545,194,134,115,62,11,17,12
36047050801,"Census Tract 508.01, Kings County, New York",1320,336,342,218,196,100,55,73
36047050803,"Census Tract 508.03, Kings County, New York",920,263,225,197,112,28,51,44
36047050804,"Census Tract 508.04, Kings County, New York",2476,560,617,523,441,167,49,119
36047050900,"Census Tract 509, Kings County, New York",725,237,238,71,36,38,33,72
36047051001,"Census Tract 510.01, Kings County, New York",1476,349,360,392,107,52,91,125
36047051002,"Census Tract 510.02, Kings County, New York",1793,446,472,479,143,51,123,79
36047051100,"Census Tract 511, Kings County, New York",1920,813,308,173,143,73,105,305
36047051200,"Census Tract 512, Kings County, New York",2325,762,522,419,218,174,81,149
36047051300,"Census Tract 513, Kings County, New York",2147,319,404,303,115,218,109,679
36047051400,"Census Tract 514, Kings County, New York",2756,560,892,403,327,177,126,271
36047051500,"Census Tract 515, Kings County, New York",1002,42,97,109,77,160,76,441
36047051601,"Census Tract 516.01, Kings County, New York",1930,424,456,408,348,241,19,34
36047051602,"Census Tract 516.02, Kings County, New York",1372,380,233,282,225,102,56,94
36047051700,"Census Tract 517, Kings County, New York",1348,174,193,73,164,202,133,409
36047051800,"Census Tract 518, Kings County, New York",1427,272,332,291,115,77,38,302
36047051900,"Census Tract 519, Kings County, New York",2608,438,162,161,411,169,227,1040
36047052000,"Census Tract 520, Kings County, New York",1507,342,311,227,162,170,42,253
36047052300,"Census Tract 523, Kings County, New York",2354,732,578,254,241,201,114,234
36047052500,"Census Tract 525, Kings County, New York",1122,467,262,108,121,17,77,70
36047052600,"Census Tract 526, Kings County, New York",1787,321,328,398,280,190,81,189
36047052700,"Census Tract 527, Kings County, New York",2382,690,464,465,303,147,109,204
36047052800,"Census Tract 528, Kings County, New York",654,84,130,84,68,59,41,188
36047052900,"Census Tract 529, Kings County, New York",957,334,237,180,64,62,19,61
36047053000,"Census Tract 530, Kings County, New York",1141,342,328,139,99,51,67,115
36047053100,"Census Tract 531, Kings County, New York",1684,688,336,312,70,54,75,149
36047053200,"Census Tract 532, Kings County, New York",996,225,188,168,135,85,40,155
36047053300,"Census Tract 533, Kings County, New York",1741,851,361,256,130,46,22,75
36047053400,"Census Tract 534, Kings County, New York",1316,580,227,127,118,126,40,98
36047053500,"Census Tract 535, Kings County, New York",1052,466,388,104,41,35,18,0
36047053700,"Census Tract 537, Kings County, New York",668,232,218,101,78,31,0,8
36047053800,"Census Tract 538, Kings County, New York",1990,865,454,342,140,82,26,81
36047053900,"Census Tract 539, Kings County, New York",825,438,147,99,36,51,13,41
36047054200,"Census Tract 542, Kings County, New York",1599,542,314,196,192,129,79,147
36047054300,"Census Tract 543, Kings County, New York",150,5,18,4,34,9,18,62
36047054400,"Census Tract 544, Kings County, New York",1240,419,205,201,91,107,99,118
36047054500,"Census Tract 545, Kings County, New York",2371,1394,441,212,176,0,16,132
36047054600,"Census Tract 546, Kings County, New York",1846,579,351,390,127,169,68,162
36047054700,"Census Tract 547, Kings County, New York",1551,493,386,155,79,216,57,165
36047054800,"Census Tract 548, Kings County, New York",739,155,173,95,81,43,51,141
36047054900,"Census Tract 549, Kings County, New York",1513,255,227,182,186,93,103,467
36047055000,"Census Tract 550, Kings County, New York",1395,365,180,361,150,172,56,111
36047055100,"Census Tract 551, Kings County, New York",2265,286,463,385,354,180,153,444
36047055200,"Census Tract 552, Kings County, New York",1419,369,333,201,209,107,18,182
36047055300,"Census Tract 553, Kings County, New York",1407,224,193,135,156,138,108,453
36047055400,"Census Tract 554, Kings County, New York",1625,467,350,292,143,146,44,183
36047055500,"Census Tract 555, Kings County, New York",3114,311,368,290,174,306,324,1341
36047055600,"Census Tract 556, Kings County, New York",1263,217,318,160,125,172,23,248
36047055700,"Census Tract 557, Kings County, New York",1049,164,196,92,145,70,88,294
36047055800,"Census Tract 558, Kings County, New York",885,261,159,136,105,65,30,129
36047056000,"Census Tract 560, Kings County, New York",1399,302,376,226,112,177,81,125
36047056100,"Census Tract 561, Kings County, New York",1591,264,280,175,225,178,160,309
36047056200,"Census Tract 562, Kings County, New York",564,115,137,72,53,13,28,146
36047056300,"Census Tract 563, Kings County, New York",2250,642,257,293,261,189,190,418
36047056400,"Census Tract 564, Kings County, New York",973,128,171,130,105,122,82,235
36047056500,"Census Tract 565, Kings County, New York",1555,245,205,170,161,247,122,405
36047056600,"Census Tract 566, Kings County, New York",997,145,169,233,127,92,104,127
36047056800,"Census Tract 568, Kings County, New York",547,45,105,79,104,84,33,97
36047056900,"Census Tract 569, Kings County, New York",789,129,109,134,63,100,51,203
36047057000,"Census Tract 570, Kings County, New York",1443,249,386,243,116,127,100,222
36047057100,"Census Tract 571, Kings County, New York",2000,493,301,333,346,105,168,254
36047057200,"Census Tract 572, Kings County, New York",2307,1497,556,16,199,32,0,7
36047057300,"Census Tract 573, Kings County, New York",1071,233,109,141,112,134,88,254
36047057400,"Census Tract 574, Kings County, New York",1018,197,110,131,119,130,68,263
36047057500,"Census Tract 575, Kings County, New York",2112,434,285,367,377,172,168,309
36047057600,"Census Tract 576, Kings County, New York",1043,131,127,253,179,71,66,216
36047057800,"Census Tract 578, Kings County, New York",1076,241,294,160,126,104,38,113
36047057900,"Census Tract 579, Kings County, New York",494,148,94,53,82,22,60,35
36047058000,"Census Tract 580, Kings County, New York",1307,489,212,198,139,124,79,66
36047058200,"Census Tract 582, Kings County, New York",944,216,257,141,66,206,40,18
36047058400,"Census Tract 584, Kings County, New York",1414,432,245,215,126,110,123,163
36047058600,"Census Tract 586, Kings County, New York",800,147,158,143,143,41,73,95
36047058800,"Census Tract 588, Kings County, New York",1442,304,231,245,164,191,95,212
36047058900,"Census Tract 589, Kings County, New York",794,65,145,158,118,141,63,104
36047059000,"Census Tract 590, Kings County, New York",614,146,175,49,53,75,18,98
36047059100,"Census Tract 591, Kings County, New York",1853,310,189,286,206,265,242,355
36047059200,"Census Tract 592, Kings County, New York",1721,478,278,225,175,259,135,171
36047059300,"Census Tract 593, Kings County, New York",836,172,144,144,128,90,63,95
36047059401,"Census Tract 594.01, Kings County, New York",3059,847,554,483,289,285,310,291
36047059402,"Census Tract 594.02, Kings County, New York",2068,344,383,376,251,191,163,360
36047059600,"Census Tract 596, Kings County, New York",1142,287,268,119,82,120,166,100
36047059800,"Census Tract 598, Kings County, New York",1259,316,250,122,152,88,73,258
36047060000,"Census Tract 600, Kings County, New York",2674,528,637,439,384,195,129,362
36047060600,"Census Tract 606, Kings County, New York",1128,372,185,236,180,77,20,58
36047060800,"Census Tract 608, Kings County, New York",1574,376,387,261,158,199,22,171
36047061002,"Census Tract 610.02, Kings County, New York",1997,394,290,458,75,133,94,553
36047061003,"Census Tract 610.03, Kings County, New York",524,139,104,127,45,38,16,55
36047061004,"Census Tract 610.04, Kings County, New York",3089,1565,597,428,167,91,99,142
36047061200,"Census Tract 612, Kings County, New York",389,57,44,81,16,37,37,117
36047061600,"Census Tract 616, Kings County, New York",491,84,72,81,23,42,45,144
36047062000,"Census Tract 620, Kings County, New York",716,54,72,31,86,146,42,285
36047062200,"Census Tract 622, Kings County, New York",1224,229,187,332,70,104,75,227
36047062600,"Census Tract 626, Kings County, New York",1092,222,291,265,128,56,64,66
36047062800,"Census Tract 628, Kings County, New York",1832,293,285,394,242,215,155,248
36047063200,"Census Tract 632, Kings County, New York",617,111,130,69,85,95,65,62
36047063600,"Census Tract 636, Kings County, New York",473,56,30,49,68,96,47,127
36047063800,"Census Tract 638, Kings County, New York",660,52,99,68,86,121,80,154
36047064000,"Census Tract 640, Kings County, New York",572,43,51,63,71,95,71,178
36047064200,"Census Tract 642, Kings County, New York",878,205,198,139,73,68,31,164
36047064400,"Census Tract 644, Kings County, New York",845,108,133,106,143,108,74,173
36047064600,"Census Tract 646, Kings County, New York",673,50,95,132,79,75,56,186
36047064800,"Census Tract 648, Kings County, New York",650,60,100,154,80,107,35,114
36047065000,"Census Tract 650, Kings County, New York",502,117,96,93,63,24,59,50
36047065200,"Census Tract 652, Kings County, New York",484,71,66,54,77,71,43,102
36047065400,"Census Tract 654, Kings County, New York",564,69,101,92,69,87,36,110
36047065600,"Census Tract 656, Kings County, New York",616,59,99,123,135,84,40,76
36047065800,"Census Tract 658, Kings County, New York",716,50,188,71,122,69,60,156
36047066000,"Census Tract 660, Kings County, New York",710,36,129,67,114,106,36,222
36047066200,"Census Tract 662, Kings County, New York",625,91,98,62,122,90,26,136
36047066600,"Census Tract 666, Kings County, New York",0,0,0,0,0,0,0,0
36047067000,"Census Tract 670, Kings County, New York",948,183,106,162,112,72,103,210
36047067200,"Census Tract 672, Kings County, New York",462,69,67,155,18,28,36,89
36047067400,"Census Tract 674, Kings County, New York",611,100,127,74,82,70,53,105
36047067600,"Census Tract 676, Kings County, New York",612,48,86,119,141,60,34,124
36047067800,"Census Tract 678, Kings County, New York",900,74,127,156,193,178,42,130
36047068000,"Census Tract 680, Kings County, New York",603,42,110,150,92,97,0,112
36047068200,"Census Tract 682, Kings County, New York",865,48,164,79,146,128,78,222
36047068600,"Census Tract 686, Kings County, New York",692,121,130,168,113,57,37,66
36047068800,"Census Tract 688, Kings County, New York",581,80,56,110,70,117,27,121
36047069000,"Census Tract 690, Kings County, New York",630,62,63,84,95,84,63,179
36047069200,"Census Tract 692, Kings County, New York",811,37,80,127,104,172,124,167
36047069601,"Census Tract 696.01, Kings County, New York",1433,278,227,271,226,162,79,190
36047069602,"Census Tract 696.02, Kings County, New York",2219,212,465,207,373,295,245,422
36047069800,"Census Tract 698, Kings County, New York",478,56,94,94,60,34,53,87
36047070000,"Census Tract 700, Kings County, New York",635,107,124,130,52,49,74,99
36047070201,"Census Tract 702.01, Kings County, New York",2302,345,408,230,243,183,222,671
36047070202,"Census Tract 702.02, Kings County, New York",8,0,0,0,0,0,4,4
36047070203,"Census Tract 702.03, Kings County, New York",0,0,0,0,0,0,0,0
36047070600,"Census Tract 706, Kings County, New York",956,83,157,101,141,200,86,188
36047072000,"Census Tract 720, Kings County, New York",663,103,166,53,98,139,46,58
36047072200,"Census Tract 722, Kings County, New York",993,152,128,255,193,74,68,123
36047072400,"Census Tract 724, Kings County, New York",610,104,122,98,117,62,26,81
36047072600,"Census Tract 726, Kings County, New York",654,31,128,105,152,102,52,84
36047072800,"Census Tract 728, Kings County, New York",1511,208,454,221,218,165,108,137
36047073000,"Census Tract 730, Kings County, New York",733,92,92,56,118,67,100,208
36047073200,"Census Tract 732, Kings County, New York",793,134,137,124,114,102,86,96
36047073400,"Census Tract 734, Kings County, New York",613,58,67,128,89,92,75,104
36047073600,"Census Tract 736, Kings County, New York",1195,212,242,199,201,139,62,140
36047073800,"Census Tract 738, Kings County, New York",1203,228,237,326,218,49,37,108
36047074000,"Census Tract 740, Kings County, New York",1078,115,328,211,160,34,97,133
36047074200,"Census Tract 742, Kings County, New York",932,141,205,91,163,83,123,126
36047074400,"Census Tract 744, Kings County, New York",664,111,52,104,55,77,41,224
36047074600,"Census Tract 746, Kings County, New York",681,86,125,76,134,95,44,121
36047074800,"Census Tract 748, Kings County, New York",599,76,122,90,70,60,26,155
36047075000,"Census Tract 750, Kings County, New York",911,174,236,208,78,93,11,111
36047075200,"Census Tract 752, Kings County, New York",300,28,24,35,12,26,22,153
36047075400,"Census Tract 754, Kings County, New York",458,52,33,43,97,53,42,138
36047075600,"Census Tract 756, Kings County, New York",657,46,148,108,56,61,70,168
36047075800,"Census Tract 758, Kings County, New York",621,115,113,42,76,71,13,191
36047076000,"Census Tract 760, Kings County, New York",1080,256,238,160,179,42,62,143
36047076200,"Census Tract 762, Kings County, New York",1591,437,388,216,191,98,33,228
36047076400,"Census Tract 764, Kings County, New York",1350,356,255,324,119,34,93,169
36047076600,"Census Tract 766, Kings County, New York",760,178,101,205,82,44,57,93
36047076800,"Census Tract 768, Kings County, New York",1159,443,218,183,38,78,116,83
36047077000,"Census Tract 770, Kings County, New York",1023,292,221,126,100,143,39,102
36047077200,"Census Tract 772, Kings County, New York",1181,251,283,252,73,97,31,194
36047077400,"Census Tract 774, Kings County, New York",1214,184,258,335,235,152,18,32
36047077600,"Census Tract 776, Kings County, New York",1742,294,407,404,272,185,51,129
36047078000,"Census Tract 780, Kings County, New York",724,99,80,109,212,48,100,76
36047078200,"Census Tract 782, Kings County, New York",1660,285,386,348,206,208,128,99
36047078400,"Census Tract 784, Kings County, New York",768,103,138,123,147,78,69,110
36047078600,"Census Tract 786, Kings County, New York",1846,485,391,384,278,125,98,85
36047078800,"Census Tract 788, Kings County, New York",1163,355,395,180,71,115,8,39
36047079000,"Census Tract 790, Kings County, New York",1823,582,429,279,253,98,79,103
36047079200,"Census Tract 792, Kings County, New York",1201,376,385,153,129,52,36,70
36047079400,"Census Tract 794, Kings County, New York",621,178,210,81,61,19,43,29
36047079601,"Census Tract 796.01, Kings County, New York",1915,369,475,290,389,111,75,206
36047079602,"Census Tract 796.02, Kings County, New York",1702,490,448,172,348,89,71,84
36047079801,"Census Tract 798.01, Kings County, New York",1299,226,230,193,233,184,106,127
36047079802,"Census Tract 798.02, Kings County, New York",2336,481,434,637,351,118,88,227
36047080000,"Census Tract 800, Kings County, New York",1341,213,266,231,129,87,120,295
36047080200,"Census Tract 802, Kings County, New York",1954,408,629,374,127,156,114,146
36047080400,"Census Tract 804, Kings County, New York",1276,309,394,264,122,56,35,96
36047080600,"Census Tract 806, Kings County, New York",1212,302,341,215,163,67,35,89
36047080800,"Census Tract 808, Kings County, New York",294,248,23,13,0,10,0,0
36047081000,"Census Tract 810, Kings County, New York",842,249,227,146,58,58,19,85
36047081400,"Census Tract 814, Kings County, New York",1037,306,307,182,83,61,12,86
36047081600,"Census Tract 816, Kings County, New York",929,212,311,169,115,42,33,47
36047081800,"Census Tract 818, Kings County, New York",1657,373,363,275,295,132,123,96
36047082000,"Census Tract 820, Kings County, New York",1823,676,372,211,211,110,48,195
36047082200,"Census Tract 822, Kings County, New York",2800,814,750,630,156,215,109,126
36047082400,"Census Tract 824, Kings County, New York",1536,434,426,209,208,126,19,114
36047082600,"Census Tract 826, Kings County, New York",1952,504,546,351,191,144,125,91
36047082800,"Census Tract 828, Kings County, New York",1347,307,370,306,126,49,103,86
36047083000,"Census Tract 830, Kings County, New York",2244,498,752,459,328,101,82,24
36047083200,"Census Tract 832, Kings County, New York",745,137,200,140,97,74,66,31
36047083400,"Census Tract 834, Kings County, New York",542,115,119,112,74,37,72,13
36047083600,"Census Tract 836, Kings County, New York",745,150,187,140,105,52,22,89
36047083800,"Census Tract 838, Kings County, New York",796,124,245,78,181,39,55,74
36047084000,"Census Tract 840, Kings County, New York",819,162,259,97,129,92,24,56
36047084600,"Census Tract 846, Kings County, New York",703,152,159,141,85,50,47,69
36047084800,"Census Tract 848, Kings County, New York",556,142,126,115,86,46,22,19
36047085000,"Census Tract 850, Kings County, New York",465,69,116,54,78,29,51,68
36047085200,"Census Tract 852, Kings County, New York",9,0,0,9,0,0,0,0
36047085400,"Census Tract 854, Kings County, New York",691,158,185,174,51,38,31,54
36047085600,"Census Tract 856, Kings County, New York",1470,329,344,416,188,132,20,41
36047085800,"Census Tract 858, Kings County, New York",850,164,172,203,107,112,44,48
36047086000,"Census Tract 860, Kings County, New York",1255,269,368,196,147,166,42,67
36047086200,"Census Tract 862, Kings County, New York",1139,297,411,81,42,118,112,78
36047086400,"Census Tract 864, Kings County, New York",695,187,194,45,98,37,26,108
36047086600,"Census Tract 866, Kings County, New York",1183,324,314,111,140,89,69,136
36047086800,"Census Tract 868, Kings County, New York",1253,352,281,288,186,36,63,47
36047087000,"Census Tract 870, Kings County, New York",1185,468,222,185,105,76,69,60
36047087200,"Census Tract 872, Kings County, New York",1084,278,296,220,38,107,59,86
36047087401,"Census Tract 874.01, Kings County, New York",1378,551,334,218,130,46,60,39
36047087600,"Census Tract 876, Kings County, New York",679,302,110,97,15,23,27,105
36047087800,"Census Tract 878, Kings County, New York",986,378,281,108,107,47,46,19
36047088000,"Census Tract 880, Kings County, New York",1139,248,357,259,132,61,34,48
36047088200,"Census Tract 882, Kings County, New York",2504,759,541,531,171,258,112,132
36047088400,"Census Tract 884, Kings County, New York",1848,646,374,332,285,56,57,98
36047088600,"Census Tract 886, Kings County, New York",1868,699,413,409,151,48,66,82
36047088800,"Census Tract 888, Kings County, New York",1394,380,429,187,129,122,42,105
36047089000,"Census Tract 890, Kings County, New York",2266,912,560,310,273,119,43,49
36047089200,"Census Tract 892, Kings County, New York",1498,868,316,211,72,7,24,0
36047089400,"Census Tract 894, Kings County, New York",1091,311,259,280,154,20,33,34
36047089600,"Census Tract 896, Kings County, New York",1572,728,398,224,134,39,14,35
36047089800,"Census Tract 898, Kings County, New York",625,267,100,92,79,50,16,21
36047090000,"Census Tract 900, Kings County, New York",1934,1039,534,193,72,37,31,28
36047090200,"Census Tract 902, Kings County, New York",856,305,205,92,99,65,31,59
36047090600,"Census Tract 906, Kings County, New York",1630,1139,322,29,76,64,0,0
36047090800,"Census Tract 908, Kings County, New York",1263,890,223,61,47,21,0,21
36047091000,"Census Tract 910, Kings County, New York",2356,1879,311,134,16,0,0,16
36047091200,"Census Tract 912, Kings County, New York",2482,1639,652,179,12,0,0,0
36047091600,"Census Tract 916, Kings County, New York",1637,714,463,270,41,120,23,6
36047091800,"Census Tract 918, Kings County, New York",994,518,188,80,104,45,27,32
36047092000,"Census Tract 920, Kings County, New York",1199,709,163,146,41,60,9,71
36047092200,"Census Tract 922, Kings County, New York",1339,569,231,333,89,64,27,26
36047092400,"Census Tract 924, Kings County, New York",991,353,275,123,85,73,75,7
36047092800,"Census Tract 928, Kings County, New York",1162,273,233,273,126,70,81,106
36047093000,"Census Tract 930, Kings County, New York",961,123,145,299,182,58,75,79
36047093200,"Census Tract 932, Kings County, New York",434,29,77,102,50,110,25,41
36047093400,"Census Tract 934, Kings County, New York",968,253,255,108,160,69,37,86
36047093600,"Census Tract 936, Kings County, New York",651,114,131,119,134,66,38,49
36047093800,"Census Tract 938, Kings County, New York",867,231,208,99,161,82,27,59
36047094401,"Census Tract 944.01, Kings County, New York",1189,165,248,165,135,203,87,186
36047094402,"Census Tract 944.02, Kings County, New York",1256,734,242,156,105,5,8,6
36047094600,"Census Tract 946, Kings County, New York",706,132,148,146,39,95,83,63
36047095000,"Census Tract 950, Kings County, New York",993,130,187,183,121,136,43,193
36047095400,"Census Tract 954, Kings County, New York",1435,217,252,198,360,137,70,201
36047095600,"Census Tract 956, Kings County, New York",1331,334,283,191,145,151,82,145
36047095800,"Census Tract 958, Kings County, New York",1249,225,319,233,134,104,173,61
36047096000,"Census Tract 960, Kings County, New York",0,0,0,0,0,0,0,0
36047096200,"Census Tract 962, Kings County, New York",528,96,103,84,87,57,20,81
36047096400,"Census Tract 964, Kings County, New York",668,133,149,176,66,54,35,55
36047096600,"Census Tract 966, Kings County, New York",763,98,134,168,147,76,70,70
36047096800,"Census Tract 968, Kings County, New York",411,87,89,48,28,58,27,74
36047097000,"Census Tract 970, Kings County, New York",730,125,92,90,77,159,54,133
36047097400,"Census Tract 974, Kings County, New York",760,121,157,219,77,88,52,46
36047098200,"Census Tract 982, Kings County, New York",1693,905,497,92,105,85,0,9
36047098400,"Census Tract 984, Kings County, New York",667,74,126,158,109,47,21,132
36047098600,"Census Tract 986, Kings County, New York",994,137,225,209,166,111,46,100
36047098800,"Census Tract 988, Kings County, New York",1056,180,253,114,267,111,25,106
36047099000,"Census Tract 990, Kings County, New York",460,106,18,59,92,74,36,75
36047099200,"Census Tract 992, Kings County, New York",656,111,66,98,137,125,40,79
36047099400,"Census Tract 994, Kings County, New York",677,17,181,156,127,59,71,66
36047099600,"Census Tract 996, Kings County, New York",1187,113,286,207,200,151,87,143
36047099800,"Census Tract 998, Kings County, New York",1238,153,288,246,246,193,40,72
36047100400,"Census Tract 1004, Kings County, New York",961,188,205,167,171,50,43,137
36047100600,"Census Tract 1006, Kings County, New York",867,154,180,95,118,144,62,114
36047100800,"Census Tract 1008, Kings County, New York",706,163,105,117,82,99,65,75
36047101000,"Census Tract 1010, Kings County, New York",702,135,101,137,96,24,58,151
36047101200,"Census Tract 1012, Kings County, New York",813,155,155,133,177,92,33,68
36047101400,"Census Tract 1014, Kings County, New York",788,145,134,163,89,164,38,55
36047101600,"Census Tract 1016, Kings County, New York",533,36,90,105,53,134,49,66
36047101800,"Census Tract 1018, Kings County, New York",820,108,130,152,88,112,29,201
36047102000,"Census Tract 1020, Kings County, New York",638,106,32,80,93,92,78,157
36047102200,"Census Tract 1022, Kings County, New York",722,147,168,117,96,63,66,65
36047102400,"Census Tract 1024, Kings County, New York",674,57,75,110,156,92,78,106
36047102600,"Census Tract 1026, Kings County, New York",888,108,205,129,124,96,109,117
36047102800,"Census Tract 1028, Kings County, New York",538,42,94,129,81,47,40,105
36047103400,"Census Tract 1034, Kings County, New York",1749,939,423,115,187,52,9,24
36047105801,"Census Tract 1058.01, Kings County, New York",3402,1818,884,477,106,108,0,9
36047105804,"Census Tract 1058.04, Kings County, New York",3083,1396,779,579,173,71,41,44
36047107000,"Census Tract 1070, Kings County, New York",703,141,171,83,147,36,78,47
36047107800,"Census Tract 1078, Kings County, New York",1829,343,272,508,328,200,134,44
36047109800,"Census Tract 1098, Kings County, New York",627,109,231,81,53,37,48,68
36047110400,"Census Tract 1104, Kings County, New York",1668,632,328,242,264,79,48,75
36047110600,"Census Tract 1106, Kings County, New York",1649,981,320,151,114,26,46,11
36047111000,"Census Tract 1110, Kings County, New York",1457,922,315,130,36,10,31,13
36047111600,"Census Tract 1116, Kings County, New York",996,263,327,99,76,114,0,117
36047111800,"Census Tract 1118, Kings County, New York",1076,480,214,152,60,114,32,24
36047112000,"Census Tract 1120, Kings County, New York",1070,544,207,104,67,98,30,20
36047112200,"Census Tract 1122, Kings County, New York",1196,482,317,189,101,19,48,40
36047112400,"Census Tract 1124, Kings County, New York",1235,445,181,227,79,58,86,159
36047112600,"Census Tract 1126, Kings County, New York",1341,597,236,230,137,80,17,44
36047112800,"Census Tract 1128, Kings County, New York",1477,636,261,265,115,90,47,63
36047113000,"Census Tract 1130, Kings County, New York",1482,549,423,217,107,87,47,52
36047113200,"Census Tract 1132, Kings County, New York",611,170,98,98,49,45,68,83
36047113400,"Census Tract 1134, Kings County, New York",908,525,217,79,43,25,13,6
36047114201,"Census Tract 1142.01, Kings County, New York",530,194,103,78,49,36,37,33
36047114202,"Census Tract 1142.02, Kings County, New York",898,206,263,161,142,27,23,76
36047114400,"Census Tract 1144, Kings County, New York",702,329,131,120,31,27,0,64
36047114600,"Census Tract 1146, Kings County, New York",1003,308,268,167,114,39,39,68
36047115000,"Census Tract 1150, Kings County, New York",892,260,225,155,108,63,50,31
36047115200,"Census Tract 1152, Kings County, New York",997,379,241,117,124,49,30,57
36047115600,"Census Tract 1156, Kings County, New York",1605,965,298,171,81,21,50,19
36047115800,"Census Tract 1158, Kings County, New York",948,292,177,129,171,62,32,85
36047116000,"Census Tract 1160, Kings County, New York",922,413,196,164,42,59,22,26
36047116200,"Census Tract 1162, Kings County, New York",774,238,255,101,67,44,13,56
36047116400,"Census Tract 1164, Kings County, New York",1000,269,211,177,136,76,36,95
36047116600,"Census Tract 1166, Kings County, New York",964,234,322,153,114,42,26,73
36047116800,"Census Tract 1168, Kings County, New York",594,164,92,202,84,9,24,19
36047117000,"Census Tract 1170, Kings County, New York",499,174,133,95,54,38,0,5
36047117201,"Census Tract 1172.01, Kings County, New York",746,211,116,185,90,35,63,46
36047117202,"Census Tract 1172.02, Kings County, New York",1153,257,318,279,139,61,19,80
36047117400,"Census Tract 1174, Kings County, New York",1139,252,208,257,203,58,91,70
36047117601,"Census Tract 1176.01, Kings County, New York",893,252,214,209,87,35,28,68
36047117602,"Census Tract 1176.02, Kings County, New York",953,316,248,212,98,38,0,41
36047117800,"Census Tract 1178, Kings County, New York",485,178,86,88,38,26,50,19
36047118000,"Census Tract 1180, Kings County, New York",0,0,0,0,0,0,0,0
36047118201,"Census Tract 1182.01, Kings County, New York",899,267,209,161,90,88,32,52
36047118202,"Census Tract 1182.02, Kings County, New York",947,234,226,192,108,59,24,104
36047118400,"Census Tract 1184, Kings County, New York",1454,469,197,419,155,87,84,43
36047118600,"Census Tract 1186, Kings County, New York",742,224,172,132,94,60,31,29
36047118800,"Census Tract 1188, Kings County, New York",1401,413,303,290,158,96,59,82
36047119000,"Census Tract 1190, Kings County, New York",711,241,175,168,58,22,32,15
36047119200,"Census Tract 1192, Kings County, New York",1073,394,200,177,162,64,42,34
36047119400,"Census Tract 1194, Kings County, New York",1187,471,306,155,122,31,66,36
36047119600,"Census Tract 1196, Kings County, New York",1779,742,405,184,219,101,10,118
36047119800,"Census Tract 1198, Kings County, New York",1005,449,208,131,64,36,63,54
36047120000,"Census Tract 1200, Kings County, New York",736,241,216,104,72,51,45,7
36047120200,"Census Tract 1202, Kings County, New York",527,217,123,76,9,10,51,41
36047120800,"Census Tract 1208, Kings County, New York",3314,1045,1072,438,315,232,47,165
36047121000,"Census Tract 1210, Kings County, New York",1525,854,347,193,16,27,5,83
36047121400,"Census Tract 1214, Kings County, New York",1659,969,422,134,76,0,30,28
36047122000,"Census Tract 1220, Kings County, New York",2163,643,539,220,247,217,0,297
36047123700,"Census Tract 1237, Kings County, New York",1279,471,411,92,115,86,56,48
36047150200,"Census Tract 1502, Kings County, New York",1007,55,141,109,156,108,70,368
36047152200,"Census Tract 1522, Kings County, New York",1090,166,96,164,144,68,69,383
36047990100,"Census Tract 9901, Kings County, New York",0,0,0,0,0,0,0,0
